City_ID,City,Country,Date,Lat,Lng,Max Temp,Humidity,Cloudiness,Wind Speed
0,Bluff,NZ,2022-02-08 09:03:14,-46.6,168.3333,52.81,85,9,16.71
1,Mandan,US,2022-02-08 09:03:15,46.8267,-100.8896,40.95,68,0,20.71
2,Avarua,CK,2022-02-08 09:03:15,-21.2078,-159.775,77.05,88,40,6.91
3,Ushuaia,AR,2022-02-08 09:03:05,-54.8,-68.3,46.99,97,100,3.27
4,Areosa,PT,2022-02-08 09:03:16,41.7178,-8.8571,55.24,60,1,5.12
5,Huarmey,PE,2022-02-08 09:03:16,-10.0681,-78.1522,70.12,83,98,5.48
6,Kavieng,PG,2022-02-08 09:03:17,-2.5744,150.7967,83.34,75,18,8.79
7,Jamestown,US,2022-02-08 09:00:49,42.097,-79.2353,6.19,100,73,2.93
8,Kenai,US,2022-02-08 09:03:17,60.5544,-151.2583,26.15,86,100,15.9
9,Rikitea,PF,2022-02-08 09:03:18,-23.1203,-134.9692,78.67,76,99,14.18
10,Kapaa,US,2022-02-08 09:03:18,22.0752,-159.319,74.12,79,51,3.0
11,Rocha,UY,2022-02-08 09:01:10,-34.4833,-54.3333,59.68,78,67,5.48
12,Bambous Virieux,MU,2022-02-08 09:03:19,-20.3428,57.7575,85.21,65,40,13.8
13,Port Alfred,ZA,2022-02-08 09:03:19,-33.5906,26.891,80.44,65,2,6.51
14,Sungaipenuh,ID,2022-02-08 09:03:19,-2.0833,101.3833,71.74,81,86,3.02
15,Puerto Ayora,EC,2022-02-08 09:03:20,-0.7393,-90.3518,71.26,84,20,4.03
16,Nikolskoye,RU,2022-02-08 09:03:20,59.7035,30.7861,31.91,96,94,6.51
17,Constantine,DZ,2022-02-08 08:59:15,36.365,6.6147,42.21,81,40,3.44
18,Hermanus,ZA,2022-02-08 09:03:21,-34.4187,19.2345,79.9,74,7,9.33
19,Coihaique,CL,2022-02-08 09:03:21,-45.5752,-72.0662,43.81,97,11,6.76
20,New Norfolk,AU,2022-02-08 09:03:22,-42.7826,147.0587,67.66,51,100,1.99
21,Cabo San Lucas,MX,2022-02-08 09:03:22,22.8909,-109.9124,66.51,63,0,3.53
22,Ucluelet,CA,2022-02-08 09:01:57,48.9329,-125.5528,44.1,92,73,3.65
23,Touros,BR,2022-02-08 09:03:23,-5.1989,-35.4608,76.1,70,100,9.15
24,Hobart,AU,2022-02-08 09:03:23,-42.8794,147.3294,68.02,65,75,13.8
25,Punta Arenas,CL,2022-02-08 09:02:18,-53.15,-70.9167,48.11,76,73,18.19
26,Mishelevka,RU,2022-02-08 09:03:24,52.8575,103.1719,14.04,89,100,4.92
27,Gigmoto,PH,2022-02-08 09:02:08,13.7796,124.39,79.57,78,96,10.4
28,San Joaquin,US,2022-02-08 09:03:24,37.9333,-121.3011,55.47,86,0,0.0
29,Zhigansk,RU,2022-02-08 09:03:24,66.7697,123.3711,-27.89,97,96,10.02
30,Tuktoyaktuk,CA,2022-02-08 09:03:25,69.4541,-133.0374,-34.53,100,100,5.93
31,Ahuimanu,US,2022-02-08 09:03:25,21.4447,-157.8378,74.75,72,17,3.0
32,Atuona,PF,2022-02-08 09:03:26,-9.8,-139.0333,78.06,77,2,18.79
33,Santarem,BR,2022-02-08 09:03:26,-2.4431,-54.7083,72.09,99,97,3.29
34,Alice Springs,AU,2022-02-08 09:02:11,-23.7,133.8833,96.22,43,75,5.75
35,Christchurch,NZ,2022-02-08 08:59:24,-43.5333,172.6333,62.94,76,56,9.22
36,Saint-Philippe,RE,2022-02-08 09:03:27,-21.3585,55.7679,83.79,83,100,12.1
37,Burnie,AU,2022-02-08 09:03:27,-41.0667,145.9167,64.94,77,59,7.7
38,North Bend,US,2022-02-08 09:03:28,43.4065,-124.2243,47.91,100,1,6.62
39,Luderitz,NA,2022-02-08 09:03:28,-26.6481,15.1594,84.72,50,25,4.94
40,Nushki,PK,2022-02-08 09:03:28,29.5542,66.0215,60.73,30,97,8.37
41,Gualaquiza,EC,2022-02-08 09:03:29,-3.4,-78.55,62.24,99,100,0.81
42,Gubkinskiy,RU,2022-02-08 09:03:29,64.434,76.5026,-3.71,91,39,11.39
43,Georgetown,MY,2022-02-08 09:01:57,5.4112,100.3354,91.33,55,20,5.75
44,Porto Novo,BJ,2022-02-08 09:03:30,6.4965,2.6036,86.63,61,34,2.55
45,Hithadhoo,MV,2022-02-08 09:03:30,-0.6,73.0833,82.67,69,100,15.82
46,Banting,MY,2022-02-08 09:03:30,2.8167,101.5,87.93,92,100,4.23
47,Nieuw Amsterdam,SR,2022-02-08 09:03:31,5.8833,-55.0833,77.02,90,30,6.35
48,Cape Town,ZA,2022-02-08 09:03:14,-33.9258,18.4232,80.11,46,7,8.48
49,Butaritari,KI,2022-02-08 09:04:31,3.0707,172.7902,82.74,76,30,16.98
50,Busselton,AU,2022-02-08 09:04:32,-33.65,115.3333,71.04,58,31,11.7
51,Knysna,ZA,2022-02-08 09:04:32,-34.0363,23.0471,80.64,44,0,5.97
52,Bredasdorp,ZA,2022-02-08 09:04:33,-34.5322,20.0403,79.29,40,0,5.61
53,Bandarbeyla,SO,2022-02-08 09:04:33,9.4942,50.8122,79.66,58,44,19.24
54,Tarakan,ID,2022-02-08 09:04:33,3.3,117.6333,78.3,89,75,2.3
55,Cape Coast,GH,2022-02-08 09:04:34,5.1053,-1.2466,82.36,74,66,7.45
56,Dikson,RU,2022-02-08 09:04:34,73.5069,80.5464,5.25,91,100,24.27
57,Port Lincoln,AU,2022-02-08 09:04:35,-34.7333,135.8667,67.35,68,9,14.25
58,Yar-Sale,RU,2022-02-08 09:04:35,66.8333,70.8333,3.2,87,100,16.6
59,Asau,RO,2022-02-08 09:04:35,46.4333,26.4,38.95,54,91,12.3
60,Medea,DZ,2022-02-08 09:04:36,36.2642,2.7539,41.45,52,0,4.83
61,Aswan,EG,2022-02-08 09:04:36,24.0934,32.907,73.81,20,0,10.42
62,Cayenne,GF,2022-02-08 09:04:37,4.9333,-52.3333,80.1,86,75,1.99
63,Tual,ID,2022-02-08 09:04:37,-5.6667,132.75,84.22,73,86,8.55
64,Souillac,MU,2022-02-08 09:04:37,-20.5167,57.5167,85.35,65,40,13.8
65,Mataura,NZ,2022-02-08 09:04:38,-46.1927,168.8643,52.48,94,0,1.7
66,Pangnirtung,CA,2022-02-08 09:04:38,66.1451,-65.7125,-14.91,95,100,5.35
67,Great Bend,US,2022-02-08 09:04:38,38.3645,-98.7648,28.92,74,0,6.91
68,Shingu,JP,2022-02-08 09:04:39,33.7333,135.9833,44.91,81,100,3.98
69,Hilo,US,2022-02-08 09:02:33,19.7297,-155.09,67.8,95,85,3.0
70,Husavik,IS,2022-02-08 09:04:39,66.0449,-17.3389,24.26,74,100,15.32
71,Ust-Kulom,RU,2022-02-08 09:04:40,61.6864,53.6902,11.16,90,99,7.45
72,Ponta Do Sol,PT,2022-02-08 09:04:40,32.6667,-17.1,63.23,61,3,7.52
73,Isangel,VU,2022-02-08 09:04:41,-19.55,169.2667,79.99,88,100,13.71
74,Kudahuvadhoo,MV,2022-02-08 09:04:41,2.6708,72.8944,82.06,69,88,14.29
75,Kapuskasing,CA,2022-02-08 09:04:41,49.4169,-82.4331,-10.07,100,100,1.57
76,Mehndawal,IN,2022-02-08 09:04:42,26.9753,83.1117,71.01,49,0,6.76
77,Lebu,CL,2022-02-08 09:04:42,-37.6167,-73.65,58.48,88,81,14.94
78,Portland,US,2022-02-08 09:00:06,45.5234,-122.6762,44.8,94,5,4.0
79,Nouadhibou,MR,2022-02-08 09:04:43,20.931,-17.0347,64.74,69,0,8.57
80,Mont-Dore,NC,2022-02-08 09:04:43,-22.2833,166.5833,82.99,99,95,16.22
81,Kysyl-Syr,RU,2022-02-08 09:04:44,63.8986,122.7617,-28.7,100,100,3.06
82,Salinopolis,BR,2022-02-08 09:04:44,-0.6136,-47.3561,77.09,88,95,6.42
83,Karratha,AU,2022-02-08 09:04:45,-20.7377,116.8463,87.55,64,49,9.44
84,Castro,BR,2022-02-08 09:04:45,-24.7911,-50.0119,61.52,89,100,5.23
85,Mar Del Plata,AR,2022-02-08 09:00:30,-38.0023,-57.5575,58.87,86,0,1.01
86,Acari,PE,2022-02-08 09:04:46,-15.4311,-74.6158,70.12,83,91,2.46
87,Akonolinga,CM,2022-02-08 09:04:46,3.7667,12.25,85.14,34,99,1.43
88,Mishan,CN,2022-02-08 09:04:46,45.55,131.8833,10.13,93,92,2.8
89,Cabatuan,PH,2022-02-08 09:04:47,10.8794,122.486,81.66,74,96,12.28
90,Eydhafushi,MV,2022-02-08 09:04:47,5.1033,73.0708,81.61,70,58,13.49
91,General Pico,AR,2022-02-08 09:04:48,-35.6566,-63.7568,55.99,83,0,7.38
92,Plettenberg Bay,ZA,2022-02-08 09:04:48,-34.0527,23.3716,75.99,52,0,6.11
93,Mitsamiouli,KM,2022-02-08 09:04:48,-11.3847,43.2844,79.63,81,100,12.91
94,Port Moresby,PG,2022-02-08 09:04:49,-9.4431,147.1797,80.4,79,77,3.76
95,Chuy,UY,2022-02-08 09:04:49,-33.6971,-53.4616,61.39,78,16,6.6
96,Anori,BR,2022-02-08 09:04:50,-3.7728,-61.6442,72.01,96,95,1.88
97,Predivinsk,RU,2022-02-08 09:05:50,57.0669,93.4378,7.41,89,100,7.11
98,Vadodara,IN,2022-02-08 09:05:50,22.3,73.2,84.16,37,1,4.61
99,Pipar,IN,2022-02-08 09:05:51,26.3856,73.5378,79.0,30,0,6.24
100,Caravelas,BR,2022-02-08 09:05:51,-17.7125,-39.2481,75.52,88,100,4.7
101,Nemuro,JP,2022-02-08 09:05:52,43.3236,145.575,25.41,74,23,4.03
102,Shitanjing,CN,2022-02-08 09:05:52,39.2342,106.3439,18.97,69,21,4.88
103,Dwarka,IN,2022-02-08 09:05:53,22.2394,68.9678,73.56,65,8,10.83
104,Half Moon Bay,US,2022-02-08 09:05:53,37.4636,-122.4286,57.4,79,40,6.91
105,Faanui,PF,2022-02-08 09:05:53,-16.4833,-151.75,81.45,78,100,18.86
106,Rognan,NO,2022-02-08 09:05:54,67.0953,15.3878,32.14,84,100,8.81
107,Serebryansk,KZ,2022-02-08 09:05:54,49.6925,83.2892,20.75,77,92,2.75
108,Kukushtan,RU,2022-02-08 09:05:54,57.6464,56.4952,13.62,88,82,4.72
109,Vestmannaeyjar,IS,2022-02-08 09:05:55,63.4427,-20.2734,30.96,86,100,40.18
110,Ixtapa,MX,2022-02-08 09:05:55,20.7,-105.2,63.27,80,0,2.06
111,Templin,DE,2022-02-08 09:05:56,53.1186,13.5022,41.83,90,100,15.08
112,Barrow,US,2022-02-08 09:05:56,71.2906,-156.7887,-29.18,100,0,8.05
113,Mahebourg,MU,2022-02-08 09:05:56,-20.4081,57.7,85.24,65,40,13.8
114,Aykhal,RU,2022-02-08 09:05:57,66.0,111.5,-27.11,100,93,7.07
115,Tasiilaq,GL,2022-02-08 09:05:57,65.6145,-37.6368,17.76,84,100,5.84
116,Oktyabrskiy,RU,2022-02-08 09:05:58,54.4815,53.471,19.09,87,100,2.1
117,Moen,NO,2022-02-08 09:05:58,69.1304,18.6123,30.27,80,75,6.91
118,Marzuq,YE,2022-02-08 09:05:58,14.4,46.4667,72.16,25,31,7.81
119,Grand Gaube,MU,2022-02-08 09:05:59,-20.0064,57.6608,85.37,64,49,13.0
120,Zheleznogorsk,RU,2022-02-08 09:05:59,52.331,35.3711,32.79,100,100,5.12
121,Vaini,TO,2022-02-08 09:06:00,-21.2,-175.2,75.36,100,100,8.05
122,Alyangula,AU,2022-02-08 09:06:00,-13.8483,136.4192,84.45,67,46,5.21
123,Iskateley,RU,2022-02-08 09:06:01,67.6803,53.1512,8.49,94,100,11.23
124,Ilulissat,GL,2022-02-08 09:06:01,69.2167,-51.1,-0.38,78,100,17.27
125,Chokurdakh,RU,2022-02-08 09:06:01,70.6333,147.9167,-43.49,100,95,5.23
126,Chapais,CA,2022-02-08 09:02:48,49.7834,-74.8492,12.96,96,91,5.68
127,Sur,OM,2022-02-08 09:06:02,22.5667,59.5289,71.83,51,3,13.24
128,Jardim,BR,2022-02-08 09:06:03,-21.4803,-56.1381,60.4,56,0,3.31
129,Dabat,ET,2022-02-08 09:06:03,12.9842,37.765,67.15,39,89,1.95
130,North Platte,US,2022-02-08 09:06:03,41.1239,-100.7654,21.09,86,0,6.91
131,Qaanaaq,GL,2022-02-08 09:06:04,77.484,-69.3632,-7.74,89,100,5.93
132,Auki,SB,2022-02-08 09:06:04,-8.7676,160.7034,78.39,89,100,9.86
133,Port Elizabeth,ZA,2022-02-08 09:06:05,-33.918,25.5701,86.09,52,0,4.12
134,Poum,NC,2022-02-08 09:06:05,-20.2333,164.0167,81.95,85,100,25.03
135,Beringovskiy,RU,2022-02-08 09:06:05,63.05,179.3167,-24.02,93,6,10.96
136,Kodiak,US,2022-02-08 09:06:06,57.79,-152.4072,35.11,100,100,0.0
137,Yellowknife,CA,2022-02-08 09:02:00,62.456,-114.3525,-5.1,96,100,9.62
138,Ust-Koksa,RU,2022-02-08 09:06:07,50.2696,85.6108,16.9,78,100,0.11
139,Richards Bay,ZA,2022-02-08 09:03:24,-28.783,32.0377,81.63,57,2,6.53
140,Vesyegonsk,RU,2022-02-08 09:06:07,58.664,37.2604,32.86,93,100,7.96
141,Severo-Kurilsk,RU,2022-02-08 09:06:08,50.6789,156.125,30.15,92,62,17.31
142,Lorengau,PG,2022-02-08 09:07:08,-2.0226,147.2712,81.81,81,68,7.9
143,Calafell,ES,2022-02-08 09:07:09,41.2,1.5683,55.62,61,13,3.74
144,Quatre Cocos,MU,2022-02-08 09:07:09,-20.2078,57.7625,85.08,66,46,11.52
145,Mumford,GH,2022-02-08 09:07:09,5.2618,-0.759,82.54,74,18,7.14
146,Teguldet,RU,2022-02-08 09:07:10,57.3064,88.1667,7.84,86,95,5.97
147,Pitimbu,BR,2022-02-08 09:07:10,-7.4706,-34.8086,75.79,69,71,7.02
148,Tuatapere,NZ,2022-02-08 09:07:11,-46.1333,167.6833,52.83,93,0,5.03
149,Biak,ID,2022-02-08 09:07:11,-0.9131,122.8766,78.64,81,98,4.83
150,Ust-Ishim,RU,2022-02-08 09:07:11,57.6935,71.1665,14.11,86,90,7.76
151,Waipawa,NZ,2022-02-08 09:07:12,-41.4122,175.5153,63.45,95,100,4.68
152,Naberera,TZ,2022-02-08 09:07:12,-4.2,36.9333,74.91,58,70,7.72
153,Kurchum,KZ,2022-02-08 09:07:13,48.5722,83.6542,13.15,81,27,2.01
154,Paracuru,BR,2022-02-08 09:07:13,-3.41,-39.0306,82.11,81,61,7.61
155,Arraial Do Cabo,BR,2022-02-08 09:07:14,-22.9661,-42.0278,75.06,94,75,3.44
156,Port Blair,IN,2022-02-08 09:07:14,11.6667,92.75,80.87,71,29,15.37
157,Togur,RU,2022-02-08 09:07:14,58.3631,82.8265,2.1,91,11,5.99
158,Goure,NE,2022-02-08 09:07:15,13.9835,10.2704,73.02,10,33,16.69
159,Inirida,CO,2022-02-08 09:07:15,3.8653,-67.9239,70.41,99,100,0.27
160,Saint-Pierre,RE,2022-02-08 09:07:16,-21.3393,55.4781,83.88,70,75,3.44
161,Sabha,LY,2022-02-08 09:07:16,27.0377,14.4283,63.27,13,96,9.26
162,De-Kastri,RU,2022-02-08 09:07:17,51.4667,140.7833,10.54,90,100,10.8
163,Ajaccio,FR,2022-02-08 09:07:17,42.0,8.9167,50.49,81,0,4.61
164,Ust-Kut,RU,2022-02-08 09:07:17,56.7938,105.7672,7.65,94,100,4.56
165,Torbay,CA,2022-02-08 09:07:18,47.6666,-52.7314,26.58,90,75,12.66
166,Port Macquarie,AU,2022-02-08 09:05:14,-31.4333,152.9167,69.89,72,4,5.39
167,Provideniya,RU,2022-02-08 09:07:18,64.3833,-173.3,-16.94,83,2,11.14
168,Coahuayana,MX,2022-02-08 09:07:19,18.7333,-103.6833,66.67,73,1,3.83
169,Taoudenni,ML,2022-02-08 09:07:19,22.6783,-3.9836,69.66,12,0,10.58
170,Edea,CM,2022-02-08 09:07:20,3.8,10.1333,88.38,56,80,0.6
171,Ust-Nera,RU,2022-02-08 09:07:20,64.5667,143.2,-25.29,83,74,1.41
172,Srednekolymsk,RU,2022-02-08 09:07:20,67.45,153.6833,-40.18,100,58,4.94
173,Ilam,NP,2022-02-08 09:07:21,26.9167,87.9167,54.86,72,81,4.12
174,Ornskoldsvik,SE,2022-02-08 09:07:21,63.2909,18.7153,22.15,100,100,3.44
175,Chiriqui Grande,PA,2022-02-08 09:07:22,8.95,-82.1167,71.26,86,14,3.51
176,Tiksi,RU,2022-02-08 09:07:22,71.6872,128.8694,-25.04,99,50,5.7
177,Upernavik,GL,2022-02-08 09:07:22,72.7868,-56.1549,-15.5,82,100,9.31
178,Palekh,RU,2022-02-08 09:07:23,56.8028,41.8572,31.87,99,100,8.08
179,Lavrentiya,RU,2022-02-08 09:07:24,65.5833,-171.0,-28.68,93,53,11.72
180,San Patricio,US,2022-02-08 09:07:24,28.017,-97.5169,51.66,59,2,6.58
181,East London,ZA,2022-02-08 09:07:24,-33.0153,27.9116,82.33,59,3,11.61
182,Whitehorse,CA,2022-02-08 09:07:25,60.7161,-135.0538,18.39,95,100,6.15
183,Fortuna,US,2022-02-08 09:07:25,40.5982,-124.1573,45.99,96,0,0.0
184,Albany,US,2022-02-08 09:07:09,42.6001,-73.9662,34.81,94,100,4.74
185,At-Bashi,KG,2022-02-08 09:07:26,41.1702,75.8106,21.42,71,100,1.97
186,Pisco,PE,2022-02-08 09:07:26,-13.7,-76.2167,65.01,100,100,3.44
187,Lagoa,PT,2022-02-08 09:08:26,39.05,-27.9833,59.13,68,100,6.26
188,Umm Lajj,SA,2022-02-08 09:08:27,25.0213,37.2685,77.86,27,0,6.51
189,Longyearbyen,SJ,2022-02-08 09:08:27,78.2186,15.6401,19.24,93,100,12.66
190,Cidreira,BR,2022-02-08 09:08:28,-30.1811,-50.2056,63.79,85,0,9.69
191,Kuminskiy,RU,2022-02-08 09:08:28,58.6667,66.5667,12.13,92,100,7.18
192,Krasnogorodsk,RU,2022-02-08 09:08:28,56.8357,28.2822,29.75,89,100,9.06
193,Pevek,RU,2022-02-08 09:08:29,69.7008,170.3133,-28.34,98,36,2.46
194,Saint George,US,2022-02-08 09:06:46,37.1041,-113.5841,50.34,41,0,4.61
195,Viedma,AR,2022-02-08 09:08:30,-40.8135,-62.9967,65.8,57,2,13.91
196,Jining,CN,2022-02-08 09:08:30,35.405,116.5814,44.87,34,100,3.83
197,Tilichiki,RU,2022-02-08 09:08:30,60.4667,166.1,-13.11,87,10,8.48
198,Sabancuy,MX,2022-02-08 09:08:31,18.9667,-91.1833,70.75,88,9,8.46
199,Mogadishu,SO,2022-02-08 09:08:31,2.0371,45.3438,83.88,51,74,15.3
200,Sao Filipe,CV,2022-02-08 09:08:31,14.8961,-24.4956,72.41,70,0,5.23
201,Usolye,RU,2022-02-08 09:08:32,59.4268,56.6808,14.31,87,86,5.57
202,Banjar,ID,2022-02-08 09:08:32,-8.19,114.9675,89.46,78,63,3.96
203,Khatanga,RU,2022-02-08 09:08:33,71.9667,102.5,-6.36,89,100,16.02
204,Bethel,US,2022-02-08 09:06:17,41.3712,-73.414,37.02,93,99,5.1
205,Carnarvon,AU,2022-02-08 09:08:33,-24.8667,113.6333,82.92,48,0,23.67
206,Nyurba,RU,2022-02-08 09:08:34,63.2842,118.3319,-10.7,97,100,4.7
207,Shelburne,CA,2022-02-08 09:08:34,44.0787,-80.2041,24.13,93,100,7.02
208,Nanortalik,GL,2022-02-08 09:08:34,60.1432,-45.2371,11.17,65,2,51.0
209,Daitari,IN,2022-02-08 09:08:35,21.1,85.75,80.26,20,5,2.98
210,Maine-Soroa,NE,2022-02-08 09:08:35,13.2114,12.0241,75.9,15,6,14.92
211,Kalangala,UG,2022-02-08 09:08:35,-0.3089,32.225,78.15,61,90,7.16
212,Hambantota,LK,2022-02-08 09:08:36,6.1241,81.1185,86.34,66,40,4.61
213,Roma,US,2022-02-08 09:08:36,43.2128,-75.4557,31.08,93,100,0.0
214,Malakal,SS,2022-02-08 09:08:37,9.5334,31.6605,84.7,15,93,7.74
215,Ribeira Grande,PT,2022-02-08 09:08:37,38.5167,-28.7,57.6,72,20,9.22
216,Ongandjera,NA,2022-02-08 09:08:37,-17.8833,15.0667,76.71,55,98,3.11
217,Ilheus,BR,2022-02-08 09:08:38,-14.7889,-39.0494,74.32,89,87,1.54
218,Codrington,AU,2022-02-08 09:08:38,-38.2667,141.9667,83.43,23,72,9.75
219,Makuyuni,TZ,2022-02-08 09:08:39,-4.7333,38.1,89.13,45,28,6.71
220,Guerrero Negro,MX,2022-02-08 09:08:39,27.9769,-114.0611,60.48,48,0,3.02
221,Port-Cartier,CA,2022-02-08 09:08:39,50.0334,-66.8654,13.75,95,100,8.9
222,Cabedelo,BR,2022-02-08 09:08:40,-6.9811,-34.8339,75.87,65,100,8.32
223,Dunedin,NZ,2022-02-08 09:08:40,-45.8742,170.5036,55.8,82,2,1.01
224,Cafarnaum,BR,2022-02-08 09:08:40,-11.6936,-41.4683,66.49,95,100,6.76
225,Pochutla,MX,2022-02-08 09:08:41,15.7432,-96.4661,71.82,89,19,3.06
226,Traiguen,CL,2022-02-08 09:08:41,-38.25,-72.6833,51.21,97,64,3.89
227,Cherskiy,RU,2022-02-08 09:08:42,68.75,161.3,-37.41,100,40,2.06
228,Iqaluit,CA,2022-02-08 09:08:42,63.7506,-68.5145,-4.31,64,100,8.99
229,Hobyo,SO,2022-02-08 09:08:43,5.3505,48.5268,81.86,52,3,22.84
230,Yumen,CN,2022-02-08 09:08:43,40.2833,97.2,29.3,32,31,15.03
231,Luwingu,ZM,2022-02-08 09:08:43,-10.2621,29.9271,71.11,80,92,5.28
232,Norman Wells,CA,2022-02-08 09:08:44,65.282,-126.8329,-28.23,99,100,2.04
233,Bathsheba,BB,2022-02-08 09:08:44,13.2167,-59.5167,75.81,69,75,12.66
234,Saint-Leu,RE,2022-02-08 09:08:45,-21.15,55.2833,83.26,80,100,4.34
235,Luwuk,ID,2022-02-08 09:09:45,-0.9516,122.7875,80.56,85,99,3.42
236,Puerto Escondido,MX,2022-02-08 09:09:45,15.85,-97.0667,74.46,86,14,4.99
237,Anito,PH,2022-02-08 09:09:46,12.4497,125.2886,79.79,77,58,10.8
238,Medicine Hat,CA,2022-02-08 09:08:35,50.0501,-110.6683,39.22,47,59,4.0
239,Mbandaka,CD,2022-02-08 09:09:46,0.0487,18.2603,90.63,21,80,2.55
240,Sitka,US,2022-02-08 09:09:47,57.0531,-135.33,44.49,87,100,16.11
241,Vangaindrano,MG,2022-02-08 09:09:47,-23.35,47.6,84.15,77,99,11.03
242,Zarand,IR,2022-02-08 09:09:48,30.8127,56.564,47.35,25,0,4.16
243,Tonota,BW,2022-02-08 09:09:48,-21.4833,27.4833,82.71,36,3,9.35
244,Kamiiso,JP,2022-02-08 09:09:49,41.8167,140.65,26.85,73,100,8.66
245,Sapernoye,RU,2022-02-08 09:09:49,60.7167,29.9505,29.66,96,80,4.99
246,Byron Bay,AU,2022-02-08 09:09:49,-28.65,153.6167,73.87,70,4,6.53
247,Lufkin,US,2022-02-08 09:09:50,31.3382,-94.7291,31.84,82,0,0.0
248,Rakai,UG,2022-02-08 09:09:50,-0.72,31.4839,78.64,46,100,6.44
249,Inta,RU,2022-02-08 09:09:51,66.0317,60.1659,2.37,91,100,1.25
250,Bengkulu,ID,2022-02-08 09:09:51,-3.8004,102.2655,84.18,68,73,12.88
251,Aquiraz,BR,2022-02-08 09:09:52,-3.9014,-38.3911,82.18,79,85,8.57
252,Jaciara,BR,2022-02-08 09:06:40,-15.9653,-54.9683,70.05,98,100,1.48
253,Nha Trang,VN,2022-02-08 09:04:54,12.25,109.1833,82.4,76,20,9.1
254,Los Llanos De Aridane,ES,2022-02-08 09:09:52,28.6585,-17.9182,60.55,68,0,9.22
255,Itarema,BR,2022-02-08 09:09:53,-2.9248,-39.9167,78.31,80,58,7.63
256,Hamilton,US,2022-02-08 09:09:53,39.1834,-84.5333,19.72,88,0,3.44
257,Hundorp,NO,2022-02-08 09:09:54,61.5552,9.9407,14.83,99,92,0.92
258,Talcahuano,CL,2022-02-08 09:09:55,-36.7167,-73.1167,55.08,94,0,4.61
259,Comodoro Rivadavia,AR,2022-02-08 09:09:55,-45.8667,-67.5,69.66,46,0,10.36
260,Chizhou,CN,2022-02-08 09:09:55,30.6578,117.4831,38.61,89,100,6.69
261,Broken Hill,AU,2022-02-08 09:09:56,-31.95,141.4333,87.4,22,97,11.48
262,Anadyr,RU,2022-02-08 09:09:56,64.75,177.4833,-39.86,99,71,8.05
263,General Roca,AR,2022-02-08 09:09:56,-39.0333,-67.5833,64.8,39,24,12.12
264,Luchenza,MW,2022-02-08 09:09:57,-16.0069,35.3095,79.59,63,6,6.49
265,Clyde River,CA,2022-02-08 09:09:57,70.4692,-68.5914,-34.33,78,96,2.57
266,Jingdezhen,CN,2022-02-08 09:09:58,29.2947,117.2079,42.53,84,100,2.04
267,Bonavista,CA,2022-02-08 09:09:58,48.6499,-53.1147,27.12,92,100,13.47
268,Porto Murtinho,BR,2022-02-08 09:09:58,-21.6989,-57.8825,62.53,52,1,4.65
269,Manta,EC,2022-02-08 09:09:59,-0.95,-80.7333,74.98,88,100,5.75
270,San Cristobal,VE,2022-02-08 09:09:59,7.7669,-72.225,64.4,84,85,1.92
271,Rincon,US,2022-02-08 09:10:00,32.296,-81.2354,46.85,98,20,3.44
272,Lompoc,US,2022-02-08 09:10:00,34.6391,-120.4579,60.12,84,0,3.44
273,Mandurah,AU,2022-02-08 09:10:01,-32.55,115.7,78.15,67,0,15.35
274,Vila Franca Do Campo,PT,2022-02-08 09:10:01,37.7167,-25.4333,58.19,80,100,6.49
275,Kavaratti,IN,2022-02-08 09:10:02,10.5669,72.642,79.23,70,68,11.54
276,Bulawayo,ZW,2022-02-08 09:11:02,-20.15,28.5833,78.53,38,5,4.61
277,Ayan,RU,2022-02-08 09:11:03,56.45,138.1667,9.41,88,100,3.36
278,Kuybyshevo,RU,2022-02-08 09:11:03,47.8123,38.9073,37.17,83,100,9.95
279,Tessalit,ML,2022-02-08 09:11:04,20.1986,1.0114,71.42,9,1,6.33
280,Kashi,CN,2022-02-08 09:11:04,39.4547,75.9797,31.23,45,100,3.13
281,Nuuk,GL,2022-02-08 09:11:04,64.1835,-51.7216,2.01,78,100,3.0
282,Hokitika,NZ,2022-02-08 09:11:05,-42.7167,170.9667,68.7,75,100,1.28
283,Anloga,GH,2022-02-08 09:11:05,5.7947,0.8973,82.15,76,60,6.76
284,Semey,KZ,2022-02-08 09:11:06,50.4111,80.2275,21.42,79,0,8.95
285,Ozernovskiy,RU,2022-02-08 09:11:06,51.5,156.5167,27.18,80,41,9.31
286,Nizhniy Tsasuchey,RU,2022-02-08 09:11:07,50.5167,115.1333,12.43,94,98,1.63
287,Wewak,PG,2022-02-08 09:11:07,-3.5534,143.6268,81.34,81,13,7.34
288,Udachnyy,RU,2022-02-08 09:11:08,66.4167,112.4,-28.55,81,71,4.54
289,Victoria,HK,2022-02-08 09:11:08,22.2855,114.1577,65.25,79,64,1.99
290,Ostrovnoy,RU,2022-02-08 09:11:09,68.0531,39.5131,21.11,88,100,14.79
291,Alta Floresta,BR,2022-02-08 09:11:09,-9.8756,-56.0861,70.56,98,100,1.07
292,Gao,ML,2022-02-08 09:11:09,16.6362,1.637,73.13,8,1,17.65
293,Kahului,US,2022-02-08 09:10:11,20.8947,-156.47,73.85,79,0,12.66
294,Halden,NO,2022-02-08 09:11:10,59.1226,11.3871,41.9,70,0,13.65
295,Kupang,ID,2022-02-08 09:11:10,-10.1667,123.5833,83.19,78,73,6.82
296,Hervey Bay,AU,2022-02-08 09:11:11,-25.2986,152.8535,75.04,72,0,5.01
297,Airai,TL,2022-02-08 09:11:11,-8.9266,125.4092,65.77,92,100,0.94
298,Kisangani,CD,2022-02-08 09:11:12,0.5167,25.2,93.02,33,23,2.93
299,Severomuysk,RU,2022-02-08 09:11:12,56.1481,113.4267,-3.08,98,100,3.22
300,Constitucion,CL,2022-02-08 09:07:30,-35.3333,-72.4167,59.65,67,90,5.3
301,Gardez,AF,2022-02-08 09:11:13,33.5974,69.2259,31.32,55,100,4.29
302,Miatli,RU,2022-02-08 09:11:13,43.0817,46.8286,49.19,41,43,11.34
303,Kerema,PG,2022-02-08 09:11:14,-7.9631,145.7785,82.27,79,70,4.38
304,Erdenet,MN,2022-02-08 09:11:14,49.0333,104.0833,9.43,82,24,1.88
305,Yurimaguas,PE,2022-02-08 09:11:15,-5.9,-76.0833,70.25,100,100,0.83
306,Narsaq,GL,2022-02-08 09:11:15,60.9167,-46.05,3.42,74,24,7.83
307,Yuzawa,JP,2022-02-08 09:11:15,39.1667,140.5,25.18,89,97,4.41
308,Simplicio Mendes,BR,2022-02-08 09:11:16,-7.8539,-41.9103,72.14,81,86,2.13
309,Ahipara,NZ,2022-02-08 09:11:16,-35.1667,173.1667,73.35,96,35,6.85
310,Iquitos,PE,2022-02-08 09:06:21,-3.7481,-73.2472,71.64,100,100,3.44
311,Palmer,US,2022-02-08 09:11:17,42.1584,-72.3287,36.46,86,100,5.75
312,Avera,US,2022-02-08 09:11:17,33.194,-82.5271,40.87,74,100,6.64
313,Luanda,AO,2022-02-08 09:09:13,-8.8368,13.2343,80.6,69,75,5.75
314,Sayyan,YE,2022-02-08 09:11:18,15.1718,44.3244,64.17,26,8,2.01
315,Pacific Grove,US,2022-02-08 09:07:14,36.6177,-121.9166,56.62,83,0,3.44
316,High Rock,BS,2022-02-08 09:11:18,26.6208,-78.2833,64.42,67,0,6.73
317,Yangambi,CD,2022-02-08 09:11:19,0.8102,24.4336,93.49,25,39,2.86
318,Sabang,ID,2022-02-08 09:11:19,5.8933,95.3214,82.17,73,86,12.66
319,Buala,SB,2022-02-08 09:12:20,-8.145,159.5921,80.49,85,100,7.63
320,College,US,2022-02-08 09:12:20,64.8569,-147.8028,-0.08,72,100,4.61
321,Kautokeino,NO,2022-02-08 09:12:20,69.0125,23.0412,20.12,92,100,15.52
322,Lahaina,US,2022-02-08 09:08:42,20.8783,-156.6825,73.81,82,18,8.88
323,Sibu,MY,2022-02-08 09:12:21,2.3,111.8167,81.37,90,78,2.91
324,Walla Walla,US,2022-02-08 09:12:21,46.0646,-118.343,44.42,74,0,8.99
325,Gizo,SB,2022-02-08 09:12:22,-8.103,156.8419,81.28,81,100,11.65
326,Tulsipur,NP,2022-02-08 09:12:22,28.131,82.2973,65.3,46,2,6.91
327,Imbituba,BR,2022-02-08 09:12:23,-28.24,-48.6703,69.69,73,0,4.83
328,Mount Isa,AU,2022-02-08 09:12:23,-20.7333,139.5,85.77,48,100,12.66
329,Los Zacatones,MX,2022-02-08 09:12:23,22.95,-102.05,37.65,77,12,9.06
330,Zambezi,ZM,2022-02-08 09:12:24,-13.5432,23.1047,70.75,86,98,5.08
331,Idenao,CM,2022-02-08 09:12:24,4.2475,9.0047,83.88,68,29,4.88
332,Saint-Joseph,RE,2022-02-08 09:12:25,-21.3667,55.6167,82.78,82,100,10.04
333,Roald,NO,2022-02-08 09:12:25,62.5833,6.1333,40.91,75,75,29.93
334,Osypenko,UA,2022-02-08 09:12:25,46.9136,36.8253,36.84,96,100,8.93
335,Ginir,ET,2022-02-08 09:12:26,7.1333,40.7,72.95,26,86,10.04
336,Tarko-Sale,RU,2022-02-08 09:12:26,64.9225,77.785,-4.83,93,71,10.56
337,Kaitangata,NZ,2022-02-08 09:12:27,-46.2817,169.8464,52.45,93,5,5.14
338,Kaeo,NZ,2022-02-08 09:12:27,-35.1,173.7833,75.33,97,76,7.63
339,Marsabit,KE,2022-02-08 09:12:27,2.3284,37.9899,77.34,36,6,17.76
340,Bogorodskoye,RU,2022-02-08 09:12:28,56.55,37.8833,33.26,87,100,10.02
341,Codajas,BR,2022-02-08 09:12:28,-3.8367,-62.0569,71.92,98,81,1.28
342,Bend,US,2022-02-08 09:12:28,44.0582,-121.3153,38.8,75,0,8.05
343,Augusto Correa,BR,2022-02-08 09:12:29,-1.0217,-46.635,73.62,96,100,1.86
344,Bubaque,GW,2022-02-08 09:12:29,11.2833,-15.8333,76.01,72,2,6.24
345,Yoichi,JP,2022-02-08 09:12:30,43.2039,140.7703,27.23,72,100,10.63
346,Baoma,CN,2022-02-08 09:12:30,31.4859,106.1128,44.31,66,100,7.54
347,Belmonte,BR,2022-02-08 09:12:31,-15.8631,-38.8828,77.5,83,60,3.33
348,Thompson,CA,2022-02-08 09:12:31,55.7435,-97.8558,24.89,99,100,4.0
349,Victor Harbor,AU,2022-02-08 09:12:32,-35.5667,138.6167,73.47,76,100,5.7
350,Daura,NG,2022-02-08 09:08:12,11.5538,11.4085,77.77,16,6,13.91
351,Abnub,EG,2022-02-08 09:12:33,27.2696,31.1511,68.61,20,0,4.52
352,Kirakira,SB,2022-02-08 09:12:33,-10.4544,161.9205,79.34,88,100,13.56
353,Vardo,NO,2022-02-08 09:12:33,70.3705,31.1107,25.0,93,75,25.32
354,Vao,NC,2022-02-08 09:12:34,-22.6667,167.4833,79.84,88,88,27.78
355,Hasaki,JP,2022-02-08 09:12:34,35.7333,140.8333,39.6,73,98,6.55
356,Da Nang,VN,2022-02-08 09:12:35,16.0678,108.2208,80.58,69,40,9.22
357,Latacunga,EC,2022-02-08 09:12:35,-0.9333,-78.6167,50.14,89,100,2.08
358,Kurush,RU,2022-02-08 09:12:35,41.2841,47.8345,22.89,63,18,5.61
359,Nantucket,US,2022-02-08 09:12:36,41.2835,-70.0995,48.31,94,100,11.59
360,Wajid,SO,2022-02-08 09:12:36,3.8093,43.2471,91.18,18,6,22.21
361,Toora-Khem,RU,2022-02-08 09:12:37,52.4675,96.11,12.25,78,93,0.2
362,Salalah,OM,2022-02-08 09:12:37,17.0151,54.0924,80.69,12,0,18.41
363,Matara,LK,2022-02-08 09:08:39,5.9485,80.5353,79.12,77,82,3.44
364,Inhambane,MZ,2022-02-08 09:12:38,-23.865,35.3833,87.06,52,21,12.39
365,Sorland,NO,2022-02-08 09:13:38,67.667,12.6934,37.26,67,100,23.11
366,Talnakh,RU,2022-02-08 09:13:39,69.4865,88.3972,-5.8,96,100,10.29
367,Oyugis,KE,2022-02-08 09:13:39,-0.509,34.7358,82.51,34,100,5.66
368,Egvekinot,RU,2022-02-08 09:13:39,66.3167,-179.1667,-18.33,65,0,14.12
369,Nyandoma,RU,2022-02-08 09:13:40,61.669,40.1991,17.98,94,91,6.78
370,Marion,US,2022-02-08 09:11:07,39.7684,-86.1555,14.52,87,40,5.75
371,Susa,TN,2022-02-08 09:13:40,35.8254,10.637,56.98,62,40,19.57
372,Rawson,AR,2022-02-08 09:13:41,-43.3002,-65.1023,74.07,30,100,6.96
373,Epinal,FR,2022-02-08 09:13:41,48.1833,6.45,40.68,76,49,5.84
374,Uribia,CO,2022-02-08 09:13:41,11.7139,-72.266,75.88,85,74,7.43
375,Aklavik,CA,2022-02-08 09:13:42,68.2191,-135.0107,-31.2,96,100,1.5
376,Weligama,LK,2022-02-08 09:13:42,5.9667,80.4167,79.09,78,79,4.41
377,Eyl,SO,2022-02-08 09:13:43,7.9803,49.8164,83.64,46,5,24.27
378,Miramar,US,2022-02-08 09:13:43,25.9873,-80.2323,69.82,93,75,5.75
379,Korla,CN,2022-02-08 09:13:44,41.7597,86.1469,33.48,31,0,8.61
380,Akdepe,TM,2022-02-08 09:13:44,42.0551,59.3788,41.0,51,100,8.52
381,Harper,LR,2022-02-08 09:13:44,4.375,-7.7169,81.34,76,56,5.28
382,Malgrat De Mar,ES,2022-02-08 09:13:45,41.6466,2.7414,57.96,61,8,1.57
383,Qaqortoq,GL,2022-02-08 09:13:45,60.7167,-46.0333,3.7,54,2,27.22
384,Pushkinskiye Gory,RU,2022-02-08 09:13:46,57.0209,28.9103,28.71,93,100,9.06
385,Muzhi,RU,2022-02-08 09:13:46,65.3667,64.6667,-2.0,98,99,5.88
386,Ancud,CL,2022-02-08 09:13:47,-41.8697,-73.8203,56.73,92,100,6.67
387,Ponta Delgada,PT,2022-02-08 09:13:47,37.7333,-25.6667,58.5,77,20,8.05
388,Srandakan,ID,2022-02-08 09:13:48,-7.9386,110.2506,82.06,77,100,4.52
389,Mirnyy,RU,2022-02-08 09:13:48,62.5353,113.9611,-8.14,97,100,5.17
390,Florianopolis,BR,2022-02-08 09:11:45,-27.6146,-48.5012,67.23,79,0,5.75
391,Vaitape,PF,2022-02-08 09:13:49,-16.5167,-151.75,81.45,78,99,18.79
392,Adrar,MR,2022-02-08 09:13:49,20.5022,-10.0711,65.48,11,75,10.92
393,Jalu,LY,2022-02-08 09:13:49,29.0331,21.5482,65.66,19,20,10.4
394,Katsuura,JP,2022-02-08 09:13:50,35.1333,140.3,46.51,78,64,4.94
395,Caramay,PH,2022-02-08 09:13:50,10.1815,119.236,81.91,77,100,8.84
396,Indian Harbour Beach,US,2022-02-08 09:13:51,28.1489,-80.5884,60.04,87,100,10.36
397,Fukue,JP,2022-02-08 09:13:51,32.6881,128.8419,47.37,63,96,18.99
398,Bosaso,SO,2022-02-08 09:13:51,11.2842,49.1816,81.14,55,5,15.77
399,Honiara,SB,2022-02-08 09:13:52,-9.4333,159.95,77.36,91,100,4.45
400,Mount Gambier,AU,2022-02-08 09:13:52,-37.8333,140.7667,70.07,62,100,10.76
401,Fort Nelson,CA,2022-02-08 09:13:52,58.8053,-122.7002,5.13,96,100,3.2
402,Vostok,RU,2022-02-08 09:13:53,46.4856,135.8833,2.68,99,100,2.39
403,Shymkent,KZ,2022-02-08 09:13:53,42.3,69.6,37.99,93,100,4.47
404,Beatrice,US,2022-02-08 09:13:54,40.2681,-96.747,37.74,51,0,0.0
405,Vicksburg,US,2022-02-08 09:13:54,32.3526,-90.8779,35.56,100,0,0.0
406,Hailar,CN,2022-02-08 09:13:54,49.2,119.7,13.73,84,100,9.28
407,Baykalsk,RU,2022-02-08 09:13:55,51.5058,104.1469,17.02,94,100,2.82
408,Saskylakh,RU,2022-02-08 09:13:55,71.9167,114.0833,-3.86,88,98,11.05
409,Sri Aman,MY,2022-02-08 09:13:56,1.2376,111.4621,83.44,76,100,2.04
410,Atar,MR,2022-02-08 09:13:56,20.5169,-13.0499,73.31,9,37,9.08
411,Berga,NO,2022-02-08 09:14:56,60.392,5.328,41.65,82,75,12.66
412,Port-Gentil,GA,2022-02-08 09:14:57,-0.7193,8.7815,80.64,79,42,8.12
413,Akyab,MM,2022-02-08 09:14:57,20.15,92.9,76.14,43,7,14.36
414,Vila Velha,BR,2022-02-08 09:14:26,-20.3297,-40.2925,76.95,87,0,5.75
415,Porto Walter,BR,2022-02-08 09:11:18,-8.2686,-72.7439,69.44,99,88,1.48
416,Alofi,NU,2022-02-08 09:14:42,-19.0595,-169.9187,77.22,79,100,18.68
417,Vilhena,BR,2022-02-08 09:14:58,-12.7406,-60.1458,68.47,100,100,2.73
418,Haines Junction,CA,2022-02-08 09:14:59,60.7522,-137.5108,28.35,80,100,3.44
419,Ugoofaaru,MV,2022-02-08 09:14:59,5.6667,73.0,81.48,69,6,13.96
420,Jalingo,NG,2022-02-08 09:15:00,8.8833,11.3667,88.34,11,7,7.67
421,Sitio Novo Do Tocantins,BR,2022-02-08 09:15:00,-5.5183,-47.4611,75.13,94,40,0.0
422,Newport,GB,2022-02-08 09:11:26,51.5877,-2.9984,53.26,85,92,3.0
423,Gillette,US,2022-02-08 09:15:01,44.2911,-105.5022,42.94,33,75,28.77
424,Klaksvik,FO,2022-02-08 09:15:01,62.2266,-6.589,36.52,71,99,38.72
425,Palana,RU,2022-02-08 09:15:01,59.1167,159.9667,2.28,93,26,7.09
426,Port Hardy,CA,2022-02-08 09:15:02,50.6996,-127.4199,44.76,93,100,4.61
427,Leon,MX,2022-02-08 09:13:05,21.1167,-101.6667,53.17,65,98,2.04
428,Batticaloa,LK,2022-02-08 09:15:03,7.7102,81.6924,81.5,63,45,14.61
429,Oga,IT,2022-02-08 09:15:03,46.4631,10.347,32.65,56,2,7.31
430,Teya,RU,2022-02-08 09:15:04,60.3778,92.6267,-1.62,90,99,4.88
431,Veinticinco De Mayo,AR,2022-02-08 09:15:04,-35.4323,-60.1727,56.98,93,0,4.45
432,Stornoway,GB,2022-02-08 09:15:05,58.2093,-6.3865,38.93,87,20,13.8
433,Rovaniemi,FI,2022-02-08 09:10:22,66.5,25.7167,26.01,93,100,5.75
434,Puerto Madryn,AR,2022-02-08 09:15:05,-42.7692,-65.0385,75.0,29,100,5.53
435,Sao Joao Da Barra,BR,2022-02-08 09:15:06,-21.6403,-41.0511,75.24,89,100,3.13
436,Den Helder,NL,2022-02-08 09:15:06,52.9599,4.7593,51.03,84,75,25.01
437,Yarada,IN,2022-02-08 09:15:07,17.65,83.2667,82.72,57,20,11.5
438,Deputatskiy,RU,2022-02-08 09:15:07,69.3,139.9,-34.92,99,96,4.12
439,Krasnoselkup,RU,2022-02-08 09:15:08,65.7,82.4667,-11.13,94,88,6.87
440,Bahar,IR,2022-02-08 09:15:08,34.9072,48.4414,42.96,33,0,2.3
441,Qesarya,IL,2022-02-08 09:15:08,32.5189,34.9046,67.35,53,82,6.35
442,Puerto Lempira,HN,2022-02-08 09:15:09,15.2667,-83.7667,71.55,83,7,2.68
443,Bowen,AU,2022-02-08 09:15:09,-20.0167,148.2333,78.53,71,13,15.93
444,Emerald,AU,2022-02-08 09:10:28,-23.5333,148.1667,81.34,44,96,7.74
445,Henderson,US,2022-02-08 09:15:10,36.0397,-114.9819,53.24,29,0,10.36
446,Dongying,CN,2022-02-08 09:15:10,37.4564,118.4856,44.13,21,6,2.71
447,Sept-Iles,CA,2022-02-08 09:13:07,50.2001,-66.3821,14.05,84,100,5.99
448,Dhidhdhoo,MV,2022-02-08 09:15:11,6.8833,73.1,81.19,69,19,12.59
449,Hispania,CO,2022-02-08 09:15:11,5.7993,-75.9072,72.09,99,99,0.11
450,Louis Trichardt,ZA,2022-02-08 09:15:12,-23.0439,29.9032,85.57,37,1,1.72
451,Shimoda,JP,2022-02-08 09:15:12,34.6667,138.95,42.1,56,66,11.48
452,Saldanha,ZA,2022-02-08 09:15:12,-33.0117,17.9442,67.55,83,48,14.27
453,Abu Samrah,SY,2022-02-08 09:15:13,35.3029,37.1841,57.76,58,31,8.48
454,Bekeshevskaya,RU,2022-02-08 09:15:13,44.1139,42.4269,38.57,81,72,5.97
455,Edd,ER,2022-02-08 09:16:14,13.9297,41.6925,86.25,44,5,15.61
456,Bonthe,SL,2022-02-08 09:16:14,7.5264,-12.505,78.78,78,100,4.88
457,Chicama,PE,2022-02-08 09:16:15,-7.8447,-79.1469,69.12,80,87,3.62
458,Kalmunai,LK,2022-02-08 09:16:15,7.4167,81.8167,82.18,64,80,14.63
459,Lalmohan,BD,2022-02-08 09:16:16,22.3384,90.7419,73.87,41,4,6.44
460,Russell,US,2022-02-08 09:15:26,32.3502,-85.1999,43.88,92,0,0.0
461,Slave Lake,CA,2022-02-08 09:16:16,55.2834,-114.769,40.98,56,100,28.77
462,Aleksandrov Gay,RU,2022-02-08 09:16:17,50.147,48.5704,24.58,92,95,7.31
463,Hue,VN,2022-02-08 09:16:17,16.4667,107.6,75.31,88,75,6.91
464,La Ronge,CA,2022-02-08 09:15:31,55.1001,-105.2842,35.85,87,100,18.41
465,Santa Helena,BR,2022-02-08 09:16:18,-2.2311,-45.3,72.32,99,100,1.07
466,San Jeronimo,PE,2022-02-08 09:16:19,-11.9472,-75.2829,49.32,83,100,2.01
467,Marfino,RU,2022-02-08 09:16:19,55.7028,37.3822,34.88,86,75,8.95
468,Haverfordwest,GB,2022-02-08 09:16:19,51.8017,-4.9691,51.55,90,41,7.0
469,Glomfjord,NO,2022-02-08 09:16:20,66.8167,13.9667,30.47,93,100,8.77
470,Xining,CN,2022-02-08 09:14:33,36.6167,101.7667,21.83,58,96,3.6
471,Sinnamary,GF,2022-02-08 09:16:20,5.3833,-52.95,76.1,88,99,8.39
472,Chengde,CN,2022-02-08 09:16:21,40.9725,117.9361,30.83,32,4,1.83
473,Manacapuru,BR,2022-02-08 09:16:21,-3.2997,-60.6206,75.78,95,96,2.82
474,Filingue,NE,2022-02-08 09:16:21,14.3521,3.3168,76.98,8,1,14.63
475,Prince Rupert,CA,2022-02-08 09:16:22,54.3161,-130.3201,39.29,93,100,25.32
476,San Quintin,MX,2022-02-08 09:16:22,30.4833,-115.95,58.42,36,35,1.01
477,Sokoni,TZ,2022-02-08 09:16:23,-6.4333,39.55,82.22,68,74,11.54
478,Puerto Ayacucho,VE,2022-02-08 09:16:23,5.6639,-67.6236,73.98,92,100,4.5
479,Puerto Penasco,MX,2022-02-08 09:16:24,31.3167,-113.5333,62.26,40,0,12.88
480,Abha,SA,2022-02-08 09:16:24,18.2164,42.5053,64.65,52,0,13.8
481,Vanimo,PG,2022-02-08 09:16:24,-2.6741,141.3028,80.17,82,11,4.07
482,Parfenyevo,RU,2022-02-08 09:16:25,58.484,43.4088,27.73,94,100,8.77
483,Labuan,MY,2022-02-08 09:16:25,5.2767,115.2417,84.11,83,40,5.75
484,Zheleznodorozhnyy,RU,2022-02-08 09:16:26,55.7503,38.0042,35.15,96,100,7.11
485,Geraldton,AU,2022-02-08 09:16:26,-28.7667,114.6,77.41,50,0,25.32
486,Solnechnyy,RU,2022-02-08 09:16:26,50.7214,136.6319,0.03,100,100,1.74
487,Alexandria,EG,2022-02-08 09:16:27,31.2156,29.9553,64.33,38,12,12.39
488,Makakilo City,US,2022-02-08 09:16:27,21.3469,-158.0858,72.28,69,20,9.22
489,Rio Grande,BR,2022-02-08 09:16:27,-32.035,-52.0986,62.71,82,66,10.63
490,Cockburn Town,TC,2022-02-08 09:15:36,21.4612,-71.1419,76.62,78,8,17.78
491,Bay-Khaak,RU,2022-02-08 09:16:28,51.1667,94.5,1.74,88,100,0.47
492,Tadine,NC,2022-02-08 09:16:28,-21.55,167.8833,80.37,85,100,15.9
493,Hay River,CA,2022-02-08 09:16:29,60.8156,-115.7999,-5.82,71,75,13.8
494,Pondicherry,IN,2022-02-08 09:16:29,11.93,79.83,81.0,60,100,13.49
495,Esperance,AU,2022-02-08 09:16:30,-33.8667,121.9,67.68,54,47,8.66
496,Mahbubnagar,IN,2022-02-08 09:16:30,16.7333,77.9833,86.77,32,60,6.8
497,Xiongzhou,CN,2022-02-08 09:16:30,25.1167,114.3,43.16,87,99,4.92
498,Bardiyah,LY,2022-02-08 09:16:31,31.7561,25.0865,60.13,50,44,20.94
499,Bemidji,US,2022-02-08 09:14:29,47.4736,-94.8803,20.88,88,0,3.44
500,Resplendor,BR,2022-02-08 09:16:31,-19.3256,-41.2553,72.7,98,100,0.69
501,Evensk,RU,2022-02-08 09:16:32,61.95,159.2333,-1.59,66,9,9.48
502,Cassilandia,BR,2022-02-08 09:17:32,-19.1133,-51.7342,69.98,95,100,2.95
503,Mackenzie,CA,2022-02-08 09:15:06,55.2999,-123.1698,35.82,64,100,12.66
504,Kiunga,PG,2022-02-08 09:17:33,-6.1219,141.2906,77.52,95,98,2.71
505,Praia,CV,2022-02-08 09:17:33,14.9215,-23.5087,66.74,77,20,6.91
506,Awbari,LY,2022-02-08 09:17:34,26.5921,12.7805,63.63,14,75,7.0
507,Komsomolskiy,UZ,2022-02-08 09:17:34,40.4272,71.7189,45.82,81,75,0.0
508,Eenhana,NA,2022-02-08 09:17:34,-17.4667,16.3333,76.69,60,94,4.03
509,Dalvik,IS,2022-02-08 09:17:35,65.9702,-18.5286,28.33,79,100,9.66
510,Bada,RU,2022-02-08 09:17:35,51.392,109.8717,18.25,84,96,8.34
511,Mucurapo,TT,2022-02-08 09:17:35,10.6667,-61.5333,75.25,89,52,11.21
512,Rio Gallegos,AR,2022-02-08 09:17:36,-51.6226,-69.2181,46.45,76,20,14.97
513,Odweyne,SO,2022-02-08 09:17:36,9.4092,45.064,83.16,19,13,10.96
514,Grootfontein,NA,2022-02-08 09:17:37,-19.5667,18.1167,80.17,39,40,8.05
515,Megion,RU,2022-02-08 09:17:37,61.0296,76.1136,-1.98,92,6,11.23
516,Harnosand,SE,2022-02-08 09:17:38,62.6323,17.9379,32.0,94,100,6.33
517,Sungairaya,ID,2022-02-08 09:17:38,0.7,108.9,78.73,84,100,2.15
518,Eureka,US,2022-02-08 09:17:38,40.8021,-124.1637,45.25,93,13,2.91
519,Hohhot,CN,2022-02-08 09:17:39,40.8106,111.6522,30.49,27,0,8.95
520,Kemin,KG,2022-02-08 09:17:39,42.7846,75.6892,31.71,84,100,2.37
521,Beira,MZ,2022-02-08 09:17:40,-19.8436,34.8389,86.09,62,20,8.05
522,Thinadhoo,MV,2022-02-08 09:17:40,0.5333,72.9333,82.62,70,100,15.12
523,Lahij,YE,2022-02-08 09:17:41,13.1667,44.5833,78.91,55,91,12.59
524,Aguada De Pasajeros,CU,2022-02-08 09:17:41,22.385,-80.8508,66.29,93,0,5.68
525,Athabasca,CA,2022-02-08 09:15:30,54.7169,-113.2854,39.02,76,11,16.15
526,Saiha,IN,2022-02-08 09:17:42,22.4833,92.9667,75.18,17,5,4.0
527,Bonga,ET,2022-02-08 09:17:42,7.2833,36.2333,84.69,25,77,1.83
528,Murgab,TM,2022-02-08 09:17:43,37.4966,61.9714,51.67,43,0,9.22
529,Yenangyaung,MM,2022-02-08 09:17:43,20.4667,94.8833,85.14,17,6,3.47
530,Saposoa,PE,2022-02-08 09:17:43,-6.934,-76.7716,69.24,100,100,0.76
531,Barhi,IN,2022-02-08 09:17:44,23.9,80.8,83.14,14,0,7.52
532,Almaguer,CO,2022-02-08 09:16:10,1.917,-76.8523,52.77,98,100,1.12
533,Cam Ranh,VN,2022-02-08 09:17:44,11.9214,109.1591,80.56,74,20,14.97
534,Banda Aceh,ID,2022-02-08 09:17:45,5.5577,95.3222,84.25,69,100,12.62
535,Sao Jose Da Coroa Grande,BR,2022-02-08 09:17:45,-8.8978,-35.1478,78.4,75,15,4.36
536,Ewa Beach,US,2022-02-08 09:17:37,21.3156,-158.0072,73.69,68,20,9.22
537,Yeppoon,AU,2022-02-08 09:17:46,-23.1333,150.7333,74.98,66,4,9.13
538,Santa Maria,BR,2022-02-08 09:14:55,-29.6842,-53.8069,56.26,77,0,2.26
539,Beisfjord,NO,2022-02-08 09:17:46,68.3751,17.5988,32.05,83,100,9.46
540,Camocim,BR,2022-02-08 09:17:47,-2.9022,-40.8411,75.24,90,68,7.49
541,Ola,RU,2022-02-08 09:17:47,59.5833,151.2833,0.14,78,59,9.91
542,Elizabeth City,US,2022-02-08 09:17:47,36.2946,-76.2511,41.99,96,100,11.5
543,Saint Anthony,US,2022-02-08 09:17:48,45.0205,-93.218,17.06,79,0,9.22
544,Lannion,FR,2022-02-08 09:17:49,48.75,-3.4167,50.54,91,100,6.91
545,San Diego De La Union,MX,2022-02-08 09:17:49,21.4667,-100.8667,41.2,93,100,5.99
546,Accra,GH,2022-02-08 09:14:10,5.556,-0.1969,82.63,73,50,6.55
547,Melnikovo,RU,2022-02-08 09:17:50,56.5558,84.085,10.26,88,98,6.26
548,Sortavala,RU,2022-02-08 09:17:50,61.7053,30.6918,25.21,97,87,2.66
549,Carutapera,BR,2022-02-08 09:17:50,-1.195,-46.02,75.61,92,94,3.56
550,Gambela,ET,2022-02-08 09:17:51,8.25,34.5833,97.32,17,22,4.88
551,Bariadi,TZ,2022-02-08 09:18:51,-2.8,33.9833,74.21,60,100,5.1
552,Fengzhen,CN,2022-02-08 09:18:52,40.4394,113.1536,26.44,22,4,7.18
553,Dubbo,AU,2022-02-08 09:18:52,-32.25,148.6167,71.73,46,40,3.44
554,Antofagasta,CL,2022-02-08 09:16:03,-23.65,-70.4,63.68,85,56,2.59
555,Lamu,KE,2022-02-08 09:18:53,-2.2717,40.902,89.82,64,5,14.65
556,Westport,US,2022-02-08 09:18:53,41.1415,-73.3579,38.32,94,100,6.91
557,Moju,BR,2022-02-08 09:18:53,-1.8839,-48.7689,77.07,99,83,1.43
558,La Asuncion,VE,2022-02-08 09:18:54,11.0333,-63.8628,74.93,100,76,10.36
559,Northam,GB,2022-02-08 09:18:54,51.0333,-4.2167,51.91,91,12,16.51
560,Arti,RU,2022-02-08 09:18:54,56.4234,58.5328,15.84,88,97,5.3
561,Iranshahr,IR,2022-02-08 09:18:55,27.2025,60.6848,68.34,45,20,4.61
562,Rudnogorsk,RU,2022-02-08 09:18:55,57.2639,103.7519,2.95,91,100,6.22
563,Kungurtug,RU,2022-02-08 09:18:56,50.5994,97.5228,10.13,79,100,0.38
564,Port Hedland,AU,2022-02-08 09:18:56,-20.3167,118.5667,86.05,74,100,11.5
565,Yanam,IN,2022-02-08 09:18:56,16.7333,82.2167,90.0,49,14,7.47
566,Bairnsdale,AU,2022-02-08 09:18:24,-37.8333,147.6167,70.47,80,22,4.0
567,Santa Isabel Do Rio Negro,BR,2022-02-08 09:18:57,-0.4139,-65.0192,71.4,100,100,0.81
568,Muisne,EC,2022-02-08 09:18:58,0.6,-80.0333,74.23,89,100,2.15
569,Maniitsoq,GL,2022-02-08 09:18:09,65.4167,-52.9,-1.71,93,100,9.15
570,Kruisfontein,ZA,2022-02-08 09:18:58,-34.0033,24.7314,83.88,24,0,4.85
571,Okha,RU,2022-02-08 09:18:59,53.5739,142.9478,12.76,94,100,20.0
572,Timiryazevskiy,RU,2022-02-08 09:18:59,56.49,84.8769,11.35,74,99,6.06
573,Zyryanovsk,KZ,2022-02-08 09:18:59,49.7386,84.2719,10.51,83,18,0.49
574,Parabel,RU,2022-02-08 09:19:00,58.6978,81.4825,0.91,92,6,4.41
575,Gwadar,PK,2022-02-08 09:19:00,25.1216,62.3254,71.74,52,0,5.73
576,Mahibadhoo,MV,2022-02-08 09:19:00,3.7833,72.9667,82.26,69,63,13.94
577,Kerteminde,DK,2022-02-08 09:19:01,55.449,10.6577,47.32,92,100,23.26
